{"cameraMode":{"drawMode":0,"name":"Shaded","section":"Shading Mode"},"sceneLighting":false,"audioPlay":false,"sceneViewState":{"m_AlwaysRefresh":false,"showFog":true,"showSkybox":false,"showFlares":true,"showImageEffects":true,"showParticleSystems":true,"showVisualEffectGraphs":true,"m_FxEnabled":true},"in2DMode":false,"pivot":{"x":-1.6600000858306885,"y":0.9499999284744263,"z":5.440000057220459},"rotation":{"x":-0.4487524926662445,"y":-0.09641308337450028,"z":0.049029167741537097,"w":-0.8871957063674927},"size":3.6221237182617189,"orthographic":false}