{"cameraMode":{"drawMode":0,"name":"Shaded","section":"Shading Mode"},"sceneLighting":false,"audioPlay":false,"sceneViewState":{"m_AlwaysRefresh":false,"showFog":true,"showSkybox":false,"showFlares":true,"showImageEffects":true,"showParticleSystems":true,"showVisualEffectGraphs":true,"m_FxEnabled":true},"in2DMode":false,"pivot":{"x":1.0812358856201172,"y":0.8406876921653748,"z":-0.44779253005981448},"rotation":{"x":0.007256475277245045,"y":0.9921647906303406,"z":-0.0688774585723877,"w":0.10454924404621124},"size":1.121897578239441,"orthographic":false}